{
  "secretarias": [
    {
      "name": "Secretaria Municipal de Educação",
      "address": "Rua General Osório, 123 - Centro",
      "phone": "(21) 2771-1000",
      "email": "educacao@duquedecaxias.rj.gov.br",
      "district": "1º Distrito - Duque de Caxias (Sede)",
      "services": ["Matrícula escolar", "Transferência de alunos", "Merenda escolar", "Transporte escolar"],
      "workingHours": "Segunda a Sexta, 8h às 17h"
    },
    {
      "name": "Secretaria Municipal de Saúde",
      "address": "Av. Brigadeiro Lima e Silva, 456 - Centro",
      "phone": "(21) 2771-2000",
      "email": "saude@duquedecaxias.rj.gov.br",
      "district": "1º Distrito - Duque de Caxias (Sede)",
      "services": ["Agendamento médico", "Vacinação", "Exames", "Farmácia popular"],
      "workingHours": "Segunda a Sexta, 7h às 19h"
    },
    {
      "name": "Secretaria Municipal de Obras e Serviços Públicos",
      "address": "Rua Nilo Peçanha, 789 - Centro",
      "phone": "(21) 2771-3000",
      "email": "obras@duquedecaxias.rj.gov.br",
      "district": "1º Distrito - Duque de Caxias (Sede)",
      "services": ["Pavimentação", "Iluminação pública", "Limpeza urbana", "Manutenção de vias"],
      "workingHours": "Segunda a Sexta, 8h às 17h"
    },
    {
      "name": "Secretaria Municipal de Assistência Social",
      "address": "Rua São Luiz, 321 - Centro",
      "phone": "(21) 2771-4000",
      "email": "assistencia@duquedecaxias.rj.gov.br",
      "district": "1º Distrito - Duque de Caxias (Sede)",
      "services": ["Bolsa Família", "Auxílio emergencial", "Cestas básicas", "Programas sociais"],
      "workingHours": "Segunda a Sexta, 8h às 17h"
    },
    {
      "name": "Secretaria Municipal de Fazenda",
      "address": "Rua 25 de Agosto, 654 - Centro",
      "phone": "(21) 2771-5000",
      "email": "fazenda@duquedecaxias.rj.gov.br",
      "district": "1º Distrito - Duque de Caxias (Sede)",
      "services": ["IPTU", "ISS", "Taxas municipais", "Nota fiscal"],
      "workingHours": "Segunda a Sexta, 8h às 17h"
    },
    {
      "name": "Secretaria Municipal de Meio Ambiente",
      "address": "Rua Parque Lafaiete, 987 - Centro",
      "phone": "(21) 2771-6000",
      "email": "meioambiente@duquedecaxias.rj.gov.br",
      "district": "1º Distrito - Duque de Caxias (Sede)",
      "services": ["Licenciamento ambiental", "Fiscalização", "Educação ambiental", "Parques"],
      "workingHours": "Segunda a Sexta, 8h às 17h"
    },
    {
      "name": "Secretaria Municipal de Desenvolvimento Econômico",
      "address": "Av. Presidente Kennedy, 147 - Centro",
      "phone": "(21) 2771-7000",
      "email": "desenvolvimento@duquedecaxias.rj.gov.br",
      "district": "1º Distrito - Duque de Caxias (Sede)",
      "services": ["Alvará de funcionamento", "Licenças comerciais", "Microcrédito", "Feiras"],
      "workingHours": "Segunda a Sexta, 8h às 17h"
    },
    {
      "name": "Secretaria Municipal de Cultura e Turismo",
      "address": "Rua Dr. Laureano, 258 - Centro",
      "phone": "(21) 2771-8000",
      "email": "cultura@duquedecaxias.rj.gov.br",
      "district": "1º Distrito - Duque de Caxias (Sede)",
      "services": ["Eventos culturais", "Bibliotecas", "Pontos turísticos", "Cursos"],
      "workingHours": "Segunda a Sexta, 8h às 17h"
    },
    {
      "name": "Secretaria Municipal de Esporte e Lazer",
      "address": "Rua Gramacho, 369 - Centro",
      "phone": "(21) 2771-9000",
      "email": "esporte@duquedecaxias.rj.gov.br",
      "district": "1º Distrito - Duque de Caxias (Sede)",
      "services": ["Quadras esportivas", "Piscinas", "Atividades físicas", "Competições"],
      "workingHours": "Segunda a Sexta, 6h às 22h"
    },
    {
      "name": "Secretaria Municipal de Habitação",
      "address": "Rua Centenário, 741 - Centro",
      "phone": "(21) 2771-1100",
      "email": "habitacao@duquedecaxias.rj.gov.br",
      "district": "1º Distrito - Duque de Caxias (Sede)",
      "services": ["Minha Casa Minha Vida", "Regularização fundiária", "Reformas", "Habitação popular"],
      "workingHours": "Segunda a Sexta, 8h às 17h"
    },
    {
      "name": "Secretaria Municipal de Transporte",
      "address": "Rua Bar dos Cavaleiros, 852 - Centro",
      "phone": "(21) 2771-1200",
      "email": "transporte@duquedecaxias.rj.gov.br",
      "district": "1º Distrito - Duque de Caxias (Sede)",
      "services": ["Transporte público", "Sinalização", "Semáforos", "Trânsito"],
      "workingHours": "Segunda a Sexta, 8h às 17h"
    },
    {
      "name": "Secretaria Municipal de Agricultura",
      "address": "Rua Xerém, 963 - Xerém",
      "phone": "(21) 2771-1300",
      "email": "agricultura@duquedecaxias.rj.gov.br",
      "district": "4º Distrito - Xerém",
      "services": ["Assistência técnica", "Sementes", "Fertilizantes", "Feiras agrícolas"],
      "workingHours": "Segunda a Sexta, 8h às 17h"
    },
    {
      "name": "Secretaria Municipal de Segurança",
      "address": "Rua Campos Elíseos, 159 - Campos Elíseos",
      "phone": "(21) 2771-1400",
      "email": "seguranca@duquedecaxias.rj.gov.br",
      "district": "2º Distrito - Campos Elíseos",
      "services": ["Guarda Municipal", "Câmeras de segurança", "Patrulhamento", "Emergências"],
      "workingHours": "24 horas"
    },
    {
      "name": "Secretaria Municipal de Planejamento",
      "address": "Rua Imbariê, 357 - Imbariê",
      "phone": "(21) 2771-1500",
      "email": "planejamento@duquedecaxias.rj.gov.br",
      "district": "3º Distrito - Imbariê",
      "services": ["Plano diretor", "Zoneamento", "Licenças urbanísticas", "Projetos"],
      "workingHours": "Segunda a Sexta, 8h às 17h"
    },
    {
      "name": "Secretaria Municipal de Administração",
      "address": "Rua Vila São Luiz, 468 - Centro",
      "phone": "(21) 2771-1600",
      "email": "administracao@duquedecaxias.rj.gov.br",
      "district": "1º Distrito - Duque de Caxias (Sede)",
      "services": ["Recursos humanos", "Compras", "Contratos", "Licitações"],
      "workingHours": "Segunda a Sexta, 8h às 17h"
    }
  ],
  "distritos": {
    "1º Distrito - Duque de Caxias (Sede)": {
      "code": "1",
      "type": "sede",
      "bairros": [
        "Bar dos Cavaleiros", "Carolina", "Centro", "Corte Oito", "Corte 8",
        "Doutor Laureano", "Engenho do Porto", "Favela do Lixão", "Gramacho",
        "Jardim 25 de Agosto", "Jardim Gramacho", "Jardim Leal",
        "Jardim Olavo Bilac", "Olavo Bilac", "Lagunas e Dourados",
        "Parque Laguna e Dourados", "Parque Beira-Mar", "Parque Centenário",
        "Parque Duque", "Parque Felicidade", "Parque Lafaiete", "Parque Paulicéia",
        "Periquitos", "Prainha", "Sarapuí", "Vila Sarapuí", "Vila Guanabara",
        "Vila Itamarati", "Vila Meriti", "Vila São Luiz", "Vila São Sebastião"
      ]
    },
    "2º Distrito - Campos Elíseos": {
      "code": "2",
      "type": "distrito",
      "bairros": [
        "Cângulo", "Chácaras Arcampo", "Chácaras Rio-Petrópolis", "Campos Elíseos",
        "Cidade dos Meninos", "Figueira", "Graças", "Jardim das Oliveiras",
        "Jardim Glória", "Jardim Primavera", "Jardim Porangaba", "Jardim Vila Nova",
        "Jardim Vista Alegre", "Jurema", "Lote XV", "Nossa Senhora do Carmo",
        "Novo São Bento", "Pantanal", "Pilar", "Parque Alvorada", "Parque Eldorado",
        "Parque Fluminense", "Parque Muisa", "Parque Nova Esperança", "Parque Samirópolis",
        "Reta do Bicão", "São Bento", "Santo Antônio", "Saracuruna", "Silva Cardoso",
        "Vila Maria Helena", "Vila São José", "Vila Urussaí", "Vila São Judas Tadeu"
      ]
    },
    "3º Distrito - Imbariê": {
      "code": "3",
      "type": "distrito",
      "bairros": [
        "Imbariê", "Santa Lúcia", "Santa Cruz da Serra", "Parada Angélica",
        "Jardim Anhangá", "Taquara", "Alto da Serra", "Parque Paulista",
        "Parque Equitativa", "Santo Antônio da Serra", "Parada Morabi"
      ]
    },
    "4º Distrito - Xerém": {
      "code": "4",
      "type": "distrito",
      "bairros": [
        "Xerém", "Mantiquira", "Capivari", "Amapá", "Barro Branco",
        "Figueira", "Córrego das Dores", "Santo Antônio da Serra", "Caminho do Ouro",
        "Vila Canaã", "Vila Santa Cruz", "Vila do Sapo", "Vila Boa Esperança",
        "Pilarzinho", "Rodilândia", "Nova Campinas", "Inconfidência",
        "Parque Inconfidência", "Santa Alice", "Santo Antônio do Boa Vista"
      ]
    }
  },
  "estatisticas": {
    "totalSecretarias": 15,
    "totalDistritos": 4,
    "totalBairros": 100,
    "secretariasPorDistrito": {
      "1º Distrito - Duque de Caxias (Sede)": 11,
      "2º Distrito - Campos Elíseos": 1,
      "3º Distrito - Imbariê": 1,
      "4º Distrito - Xerém": 1
    }
  }
}

